tetranucleotide,ocupacion_pct,ocupacion_x10,nota,frecuencia_hz
AAAA,16.543800,165.438000,E3,164.814
AAAC,18.350400,183.504000,F#3,184.997
AAAG,15.025300,150.253000,D3,146.832
AAAT,10.919200,109.192000,A2,110.000
AACA,16.340700,163.407000,E3,164.814
AACG,16.811100,168.111000,E3,164.814
AACT,14.162400,141.624000,C#3,138.591
AAGA,14.474500,144.745000,D3,146.832
AAGC,11.088200,110.882000,A2,110.000
AAGG,8.373100,83.731000,E2,82.407
AAGT,11.628000,116.280000,A#2,116.541
AATA,19.766800,197.668000,G3,195.998
AATG,20.534400,205.344000,G#3,207.652
AATT,41.628700,416.287000,G#4,415.305
ACAC,12.109600,121.096000,B2,123.471
ACAG,18.228800,182.288000,F#3,184.997
ACCA,8.431300,84.313000,E2,82.407
ACCG,10.233100,102.331000,G#2,103.826
ACGA,18.303800,183.038000,F#3,184.997
ACGC,13.541800,135.418000,C#3,138.591
ACGG,19.392400,193.924000,G3,195.998
ACGT,6.138800,61.388000,B1,61.735
ACTA,14.438800,144.388000,D3,146.832
ACTC,9.460300,94.603000,F#2,92.499
ACTG,12.684200,126.842000,B2,123.471
AGAA,14.654400,146.544000,D3,146.832
AGAC,19.671000,196.710000,G3,195.998
AGAT,9.105100,91.051000,F#2,92.499
AGCG,9.800200,98.002000,G2,97.999
AGCT,11.366500,113.665000,A#2,116.541
AGGA,13.497400,134.974000,C#3,138.591
AGGC,8.071000,80.710000,E2,82.407
AGGG,10.500700,105.007000,G#2,103.826
AGGT,4.799600,47.996000,G1,48.999
AGTA,13.115900,131.159000,C3,130.813
ATAA,16.970000,169.700000,E3,164.814
ATAC,16.280600,162.806000,E3,164.814
ATAT,12.895000,128.950000,C3,130.813
ATCG,13.864200,138.642000,C#3,138.591
ATGA,22.418400,224.184000,A3,220.000
ATGC,15.207700,152.077000,D#3,155.563
ATGG,21.937300,219.373000,A3,220.000
ATGT,8.601600,86.016000,F2,87.307
ATTA,15.912100,159.121000,D#3,155.563
ATTG,15.440700,154.407000,D#3,155.563
CAAA,18.839600,188.396000,F#3,184.997
CAAG,24.326700,243.267000,B3,246.942
CACT,13.842000,138.420000,C#3,138.591
CAGC,19.602000,196.020000,G3,195.998
CAGG,22.856600,228.566000,A#3,233.082
CATG,19.396700,193.967000,G3,195.998
CCAG,22.944900,229.449000,A#3,233.082
CCGA,30.037800,300.378000,D4,293.665
CCGG,40.458400,404.584000,G#4,415.305
CGAA,16.349200,163.492000,E3,164.814
CGAC,22.263100,222.631000,A3,220.000
CGAG,20.493500,204.935000,G#3,207.652
CGAT,12.684900,126.849000,B2,123.471
CGCA,17.536200,175.362000,F3,174.614
CGCG,18.659200,186.592000,F#3,184.997
CGGA,12.270100,122.701000,B2,123.471
CGGC,12.069800,120.698000,B2,123.471
CGGG,10.111300,101.113000,G#2,103.826
CGTG,21.434300,214.343000,A3,220.000
CTAC,26.126400,261.264000,C4,261.626
CTAG,32.872300,328.723000,E4,329.628
CTAT,19.492900,194.929000,G3,195.998
CTCA,17.845700,178.457000,F3,174.614
CTCT,17.375000,173.750000,F3,174.614
CTGA,34.485500,344.855000,F4,349.228
CTGC,23.383300,233.833000,A#3,233.082
GAAA,23.428500,234.285000,A#3,233.082
GAAC,19.847400,198.474000,G3,195.998
GAAG,24.532700,245.327000,B3,246.942
GAAT,15.649400,156.494000,D#3,155.563
GACA,22.895200,228.952000,A#3,233.082
GACC,18.167500,181.675000,F#3,184.997
GACG,20.618100,206.181000,G#3,207.652
GACT,21.126600,211.266000,G#3,207.652
GAGA,21.243800,212.438000,G#3,207.652
GAGG,23.703200,237.032000,A#3,233.082
GATA,30.117300,301.173000,D4,293.665
GATC,39.061100,390.611000,G4,391.995
GATG,30.602700,306.027000,D#4,311.127
GATT,24.042700,240.427000,B3,246.942
GCAA,24.742900,247.429000,B3,246.942
GCAT,13.171100,131.711000,C3,130.813
GCCG,10.320100,103.201000,G#2,103.826
GCGA,31.958900,319.589000,D#4,311.127
GCGC,31.365600,313.656000,D#4,311.127
GCGG,25.997600,259.976000,C4,261.626
GCTA,15.557600,155.576000,D#3,155.563
GCTC,13.183800,131.838000,C3,130.813
GGAA,16.106800,161.068000,E3,164.814
GGAC,18.371500,183.715000,F#3,184.997
GGAG,17.989200,179.892000,F#3,184.997
GGAT,16.132300,161.323000,E3,164.814
GGCA,16.415000,164.150000,E3,164.814
GGCC,12.491100,124.911000,B2,123.471
GGCG,12.099300,120.993000,B2,123.471
GGCT,13.371700,133.717000,C3,130.813
GGGA,11.067600,110.676000,A2,110.000
GGGC,8.788300,87.883000,F2,87.307
GGGG,12.274200,122.742000,B2,123.471
GGGT,8.355600,83.556000,E2,82.407
GGTG,16.221000,162.210000,E3,164.814
GGTT,14.347500,143.475000,D3,146.832
GTAA,25.684600,256.846000,C4,261.626
GTAC,22.250400,222.504000,A3,220.000
GTGA,28.669800,286.698000,D4,293.665
GTGC,23.183900,231.839000,A#3,233.082
GTGG,35.027600,350.276000,F4,349.228
GTTA,22.380300,223.803000,A3,220.000
GTTG,19.283300,192.833000,G3,195.998
TAAA,23.955100,239.551000,A#3,233.082
TAAG,21.017100,210.171000,G#3,207.652
TAAT,16.405200,164.052000,E3,164.814
TACC,20.440300,204.403000,G#3,207.652
TACG,22.938100,229.381000,A#3,233.082
TAGA,21.626200,216.262000,A3,220.000
TAGG,18.172300,181.723000,F#3,184.997
TATA,24.948300,249.483000,B3,246.942
TATG,20.728000,207.280000,G#3,207.652
TCAA,33.889900,338.899000,E4,329.628
TCGA,27.384800,273.848000,C#4,277.183
TCTG,31.269100,312.691000,D#4,311.127
TGAA,20.586200,205.862000,G#3,207.652
TGAC,20.054800,200.548000,G3,195.998
TGAT,16.227500,162.275000,E3,164.814
TGCA,18.881200,188.812000,F#3,184.997
TGCT,14.186700,141.867000,C#3,138.591
TGGA,13.410900,134.109000,C3,130.813
TGGC,13.415600,134.156000,C3,130.813
TGGG,17.322100,173.221000,F3,174.614
TGTA,20.668700,206.687000,G#3,207.652
TGTG,21.772900,217.729000,A3,220.000
TTAA,29.793800,297.938000,D4,293.665
TTAG,32.585900,325.859000,E4,329.628
TTGG,31.583300,315.833000,D#4,311.127
TTGT,20.295100,202.951000,G#3,207.652