tetranucleotide,canonico,ocupacion_pct,ocupacion_x10,nota,frecuencia_hz
AAAA,AAAA,16.543800,165.438000,E3,164.814
AAAC,AAAC,18.350400,183.504000,F#3,184.997
AAAG,AAAG,15.025300,150.253000,D3,146.832
AAAT,AAAT,10.919200,109.192000,A2,110.000
AACA,AACA,16.340700,163.407000,E3,164.814
AACC,GGTT,14.347500,143.475000,D3,146.832
AACG,AACG,16.811100,168.111000,E3,164.814
AACT,AACT,14.162400,141.624000,C#3,138.591
AAGA,AAGA,14.474500,144.745000,D3,146.832
AAGC,AAGC,11.088200,110.882000,A2,110.000
AAGG,AAGG,8.373100,83.731000,E2,82.407
AAGT,AAGT,11.628000,116.280000,A#2,116.541
AATA,AATA,19.766800,197.668000,G3,195.998
AATC,GATT,24.042700,240.427000,B3,246.942
AATG,AATG,20.534400,205.344000,G#3,207.652
AATT,AATT,41.628700,416.287000,G#4,415.305
ACAA,TTGT,20.295100,202.951000,G#3,207.652
ACAC,ACAC,12.109600,121.096000,B2,123.471
ACAG,ACAG,18.228800,182.288000,F#3,184.997
ACAT,ATGT,8.601600,86.016000,F2,87.307
ACCA,ACCA,8.431300,84.313000,E2,82.407
ACCC,GGGT,8.355600,83.556000,E2,82.407
ACCG,ACCG,10.233100,102.331000,G#2,103.826
ACCT,AGGT,4.799600,47.996000,G1,48.999
ACGA,ACGA,18.303800,183.038000,F#3,184.997
ACGC,ACGC,13.541800,135.418000,C#3,138.591
ACGG,ACGG,19.392400,193.924000,G3,195.998
ACGT,ACGT,6.138800,61.388000,B1,61.735
ACTA,ACTA,14.438800,144.388000,D3,146.832
ACTC,ACTC,9.460300,94.603000,F#2,92.499
ACTG,ACTG,12.684200,126.842000,B2,123.471
ACTT,AAGT,11.628000,116.280000,A#2,116.541
AGAA,AGAA,14.654400,146.544000,D3,146.832
AGAC,AGAC,19.671000,196.710000,G3,195.998
AGAG,CTCT,17.375000,173.750000,F3,174.614
AGAT,AGAT,9.105100,91.051000,F#2,92.499
AGCA,TGCT,14.186700,141.867000,C#3,138.591
AGCC,GGCT,13.371700,133.717000,C3,130.813
AGCG,AGCG,9.800200,98.002000,G2,97.999
AGCT,AGCT,11.366500,113.665000,A#2,116.541
AGGA,AGGA,13.497400,134.974000,C#3,138.591
AGGC,AGGC,8.071000,80.710000,E2,82.407
AGGG,AGGG,10.500700,105.007000,G#2,103.826
AGGT,AGGT,4.799600,47.996000,G1,48.999
AGTA,AGTA,13.115900,131.159000,C3,130.813
AGTC,GACT,21.126600,211.266000,G#3,207.652
AGTG,CACT,13.842000,138.420000,C#3,138.591
AGTT,AACT,14.162400,141.624000,C#3,138.591
ATAA,ATAA,16.970000,169.700000,E3,164.814
ATAC,ATAC,16.280600,162.806000,E3,164.814
ATAG,CTAT,19.492900,194.929000,G3,195.998
ATAT,ATAT,12.895000,128.950000,C3,130.813
ATCA,TGAT,16.227500,162.275000,E3,164.814
ATCC,GGAT,16.132300,161.323000,E3,164.814
ATCG,ATCG,13.864200,138.642000,C#3,138.591
ATCT,AGAT,9.105100,91.051000,F#2,92.499
ATGA,ATGA,22.418400,224.184000,A3,220.000
ATGC,ATGC,15.207700,152.077000,D#3,155.563
ATGG,ATGG,21.937300,219.373000,A3,220.000
ATGT,ATGT,8.601600,86.016000,F2,87.307
ATTA,ATTA,15.912100,159.121000,D#3,155.563
ATTC,GAAT,15.649400,156.494000,D#3,155.563
ATTG,ATTG,15.440700,154.407000,D#3,155.563
ATTT,AAAT,10.919200,109.192000,A2,110.000
CAAA,CAAA,18.839600,188.396000,F#3,184.997
CAAC,GTTG,19.283300,192.833000,G3,195.998
CAAG,CAAG,24.326700,243.267000,B3,246.942
CAAT,ATTG,15.440700,154.407000,D#3,155.563
CACA,TGTG,21.772900,217.729000,A3,220.000
CACC,GGTG,16.221000,162.210000,E3,164.814
CACG,CGTG,21.434300,214.343000,A3,220.000
CACT,CACT,13.842000,138.420000,C#3,138.591
CAGA,TCTG,31.269100,312.691000,D#4,311.127
CAGC,CAGC,19.602000,196.020000,G3,195.998
CAGG,CAGG,22.856600,228.566000,A#3,233.082
CAGT,ACTG,12.684200,126.842000,B2,123.471
CATA,TATG,20.728000,207.280000,G#3,207.652
CATC,GATG,30.602700,306.027000,D#4,311.127
CATG,CATG,19.396700,193.967000,G3,195.998
CATT,AATG,20.534400,205.344000,G#3,207.652
CCAA,TTGG,31.583300,315.833000,D#4,311.127
CCAC,GTGG,35.027600,350.276000,F4,349.228
CCAG,CCAG,22.944900,229.449000,A#3,233.082
CCAT,ATGG,21.937300,219.373000,A3,220.000
CCCA,TGGG,17.322100,173.221000,F3,174.614
CCCC,GGGG,12.274200,122.742000,B2,123.471
CCCG,CGGG,10.111300,101.113000,G#2,103.826
CCCT,AGGG,10.500700,105.007000,G#2,103.826
CCGA,CCGA,30.037800,300.378000,D4,293.665
CCGC,GCGG,25.997600,259.976000,C4,261.626
CCGG,CCGG,40.458400,404.584000,G#4,415.305
CCGT,ACGG,19.392400,193.924000,G3,195.998
CCTA,TAGG,18.172300,181.723000,F#3,184.997
CCTC,GAGG,23.703200,237.032000,A#3,233.082
CCTG,CAGG,22.856600,228.566000,A#3,233.082
CCTT,AAGG,8.373100,83.731000,E2,82.407
CGAA,CGAA,16.349200,163.492000,E3,164.814
CGAC,CGAC,22.263100,222.631000,A3,220.000
CGAG,CGAG,20.493500,204.935000,G#3,207.652
CGAT,CGAT,12.684900,126.849000,B2,123.471
CGCA,CGCA,17.536200,175.362000,F3,174.614
CGCC,GGCG,12.099300,120.993000,B2,123.471
CGCG,CGCG,18.659200,186.592000,F#3,184.997
CGCT,AGCG,9.800200,98.002000,G2,97.999
CGGA,CGGA,12.270100,122.701000,B2,123.471
CGGC,CGGC,12.069800,120.698000,B2,123.471
CGGG,CGGG,10.111300,101.113000,G#2,103.826
CGGT,ACCG,10.233100,102.331000,G#2,103.826
CGTA,TACG,22.938100,229.381000,A#3,233.082
CGTC,GACG,20.618100,206.181000,G#3,207.652
CGTG,CGTG,21.434300,214.343000,A3,220.000
CGTT,AACG,16.811100,168.111000,E3,164.814
CTAA,TTAG,32.585900,325.859000,E4,329.628
CTAC,CTAC,26.126400,261.264000,C4,261.626
CTAG,CTAG,32.872300,328.723000,E4,329.628
CTAT,CTAT,19.492900,194.929000,G3,195.998
CTCA,CTCA,17.845700,178.457000,F3,174.614
CTCC,GGAG,17.989200,179.892000,F#3,184.997
CTCG,CGAG,20.493500,204.935000,G#3,207.652
CTCT,CTCT,17.375000,173.750000,F3,174.614
CTGA,CTGA,34.485500,344.855000,F4,349.228
CTGC,CTGC,23.383300,233.833000,A#3,233.082
CTGG,CCAG,22.944900,229.449000,A#3,233.082
CTGT,ACAG,18.228800,182.288000,F#3,184.997
CTTA,TAAG,21.017100,210.171000,G#3,207.652
CTTC,GAAG,24.532700,245.327000,B3,246.942
CTTG,CAAG,24.326700,243.267000,B3,246.942
CTTT,AAAG,15.025300,150.253000,D3,146.832
GAAA,GAAA,23.428500,234.285000,A#3,233.082
GAAC,GAAC,19.847400,198.474000,G3,195.998
GAAG,GAAG,24.532700,245.327000,B3,246.942
GAAT,GAAT,15.649400,156.494000,D#3,155.563
GACA,GACA,22.895200,228.952000,A#3,233.082
GACC,GACC,18.167500,181.675000,F#3,184.997
GACG,GACG,20.618100,206.181000,G#3,207.652
GACT,GACT,21.126600,211.266000,G#3,207.652
GAGA,GAGA,21.243800,212.438000,G#3,207.652
GAGC,GCTC,13.183800,131.838000,C3,130.813
GAGG,GAGG,23.703200,237.032000,A#3,233.082
GAGT,ACTC,9.460300,94.603000,F#2,92.499
GATA,GATA,30.117300,301.173000,D4,293.665
GATC,GATC,39.061100,390.611000,G4,391.995
GATG,GATG,30.602700,306.027000,D#4,311.127
GATT,GATT,24.042700,240.427000,B3,246.942
GCAA,GCAA,24.742900,247.429000,B3,246.942
GCAC,GTGC,23.183900,231.839000,A#3,233.082
GCAG,CTGC,23.383300,233.833000,A#3,233.082
GCAT,GCAT,13.171100,131.711000,C3,130.813
GCCA,TGGC,13.415600,134.156000,C3,130.813
GCCC,GGGC,8.788300,87.883000,F2,87.307
GCCG,GCCG,10.320100,103.201000,G#2,103.826
GCCT,AGGC,8.071000,80.710000,E2,82.407
GCGA,GCGA,31.958900,319.589000,D#4,311.127
GCGC,GCGC,31.365600,313.656000,D#4,311.127
GCGG,GCGG,25.997600,259.976000,C4,261.626
GCGT,ACGC,13.541800,135.418000,C#3,138.591
GCTA,GCTA,15.557600,155.576000,D#3,155.563
GCTC,GCTC,13.183800,131.838000,C3,130.813
GCTG,CAGC,19.602000,196.020000,G3,195.998
GCTT,AAGC,11.088200,110.882000,A2,110.000
GGAA,GGAA,16.106800,161.068000,E3,164.814
GGAC,GGAC,18.371500,183.715000,F#3,184.997
GGAG,GGAG,17.989200,179.892000,F#3,184.997
GGAT,GGAT,16.132300,161.323000,E3,164.814
GGCA,GGCA,16.415000,164.150000,E3,164.814
GGCC,GGCC,12.491100,124.911000,B2,123.471
GGCG,GGCG,12.099300,120.993000,B2,123.471
GGCT,GGCT,13.371700,133.717000,C3,130.813
GGGA,GGGA,11.067600,110.676000,A2,110.000
GGGC,GGGC,8.788300,87.883000,F2,87.307
GGGG,GGGG,12.274200,122.742000,B2,123.471
GGGT,GGGT,8.355600,83.556000,E2,82.407
GGTA,TACC,20.440300,204.403000,G#3,207.652
GGTC,GACC,18.167500,181.675000,F#3,184.997
GGTG,GGTG,16.221000,162.210000,E3,164.814
GGTT,GGTT,14.347500,143.475000,D3,146.832
GTAA,GTAA,25.684600,256.846000,C4,261.626
GTAC,GTAC,22.250400,222.504000,A3,220.000
GTAG,CTAC,26.126400,261.264000,C4,261.626
GTAT,ATAC,16.280600,162.806000,E3,164.814
GTCA,TGAC,20.054800,200.548000,G3,195.998
GTCC,GGAC,18.371500,183.715000,F#3,184.997
GTCG,CGAC,22.263100,222.631000,A3,220.000
GTCT,AGAC,19.671000,196.710000,G3,195.998
GTGA,GTGA,28.669800,286.698000,D4,293.665
GTGC,GTGC,23.183900,231.839000,A#3,233.082
GTGG,GTGG,35.027600,350.276000,F4,349.228
GTGT,ACAC,12.109600,121.096000,B2,123.471
GTTA,GTTA,22.380300,223.803000,A3,220.000
GTTC,GAAC,19.847400,198.474000,G3,195.998
GTTG,GTTG,19.283300,192.833000,G3,195.998
GTTT,AAAC,18.350400,183.504000,F#3,184.997
TAAA,TAAA,23.955100,239.551000,A#3,233.082
TAAC,GTTA,22.380300,223.803000,A3,220.000
TAAG,TAAG,21.017100,210.171000,G#3,207.652
TAAT,TAAT,16.405200,164.052000,E3,164.814
TACA,TGTA,20.668700,206.687000,G#3,207.652
TACC,TACC,20.440300,204.403000,G#3,207.652
TACG,TACG,22.938100,229.381000,A#3,233.082
TACT,AGTA,13.115900,131.159000,C3,130.813
TAGA,TAGA,21.626200,216.262000,A3,220.000
TAGC,GCTA,15.557600,155.576000,D#3,155.563
TAGG,TAGG,18.172300,181.723000,F#3,184.997
TAGT,ACTA,14.438800,144.388000,D3,146.832
TATA,TATA,24.948300,249.483000,B3,246.942
TATC,GATA,30.117300,301.173000,D4,293.665
TATG,TATG,20.728000,207.280000,G#3,207.652
TATT,AATA,19.766800,197.668000,G3,195.998
TCAA,TCAA,33.889900,338.899000,E4,329.628
TCAC,GTGA,28.669800,286.698000,D4,293.665
TCAG,CTGA,34.485500,344.855000,F4,349.228
TCAT,ATGA,22.418400,224.184000,A3,220.000
TCCA,TGGA,13.410900,134.109000,C3,130.813
TCCC,GGGA,11.067600,110.676000,A2,110.000
TCCG,CGGA,12.270100,122.701000,B2,123.471
TCCT,AGGA,13.497400,134.974000,C#3,138.591
TCGA,TCGA,27.384800,273.848000,C#4,277.183
TCGC,GCGA,31.958900,319.589000,D#4,311.127
TCGG,CCGA,30.037800,300.378000,D4,293.665
TCGT,ACGA,18.303800,183.038000,F#3,184.997
TCTA,TAGA,21.626200,216.262000,A3,220.000
TCTC,GAGA,21.243800,212.438000,G#3,207.652
TCTG,TCTG,31.269100,312.691000,D#4,311.127
TCTT,AAGA,14.474500,144.745000,D3,146.832
TGAA,TGAA,20.586200,205.862000,G#3,207.652
TGAC,TGAC,20.054800,200.548000,G3,195.998
TGAG,CTCA,17.845700,178.457000,F3,174.614
TGAT,TGAT,16.227500,162.275000,E3,164.814
TGCA,TGCA,18.881200,188.812000,F#3,184.997
TGCC,GGCA,16.415000,164.150000,E3,164.814
TGCG,CGCA,17.536200,175.362000,F3,174.614
TGCT,TGCT,14.186700,141.867000,C#3,138.591
TGGA,TGGA,13.410900,134.109000,C3,130.813
TGGC,TGGC,13.415600,134.156000,C3,130.813
TGGG,TGGG,17.322100,173.221000,F3,174.614
TGGT,ACCA,8.431300,84.313000,E2,82.407
TGTA,TGTA,20.668700,206.687000,G#3,207.652
TGTC,GACA,22.895200,228.952000,A#3,233.082
TGTG,TGTG,21.772900,217.729000,A3,220.000
TGTT,AACA,16.340700,163.407000,E3,164.814
TTAA,TTAA,29.793800,297.938000,D4,293.665
TTAC,GTAA,25.684600,256.846000,C4,261.626
TTAG,TTAG,32.585900,325.859000,E4,329.628
TTAT,ATAA,16.970000,169.700000,E3,164.814
TTCA,TGAA,20.586200,205.862000,G#3,207.652
TTCC,GGAA,16.106800,161.068000,E3,164.814
TTCG,CGAA,16.349200,163.492000,E3,164.814
TTCT,AGAA,14.654400,146.544000,D3,146.832
TTGA,TCAA,33.889900,338.899000,E4,329.628
TTGC,GCAA,24.742900,247.429000,B3,246.942
TTGG,TTGG,31.583300,315.833000,D#4,311.127
TTGT,TTGT,20.295100,202.951000,G#3,207.652
TTTA,TAAA,23.955100,239.551000,A#3,233.082
TTTC,GAAA,23.428500,234.285000,A#3,233.082
TTTG,CAAA,18.839600,188.396000,F#3,184.997
TTTT,AAAA,16.543800,165.438000,E3,164.814